리뷰ID,상품명,옵션명,별점,작성일,리뷰내용
DEMO-0181,하이웨스트 데님 팬츠,중청 / M,4,2026-06-14,라인이 예쁘고 다리가 길어 보여요. 다음에도 살 것 같아요.
DEMO-0105,크롭 반팔 티셔츠,민트 / M,5,2026-06-14,목 늘어짐이 적어 보여서 좋습니다. 사이즈 고민 많이 했는데 참고하세요.
DEMO-0085,썸머 린넨 셔츠,네이비 / L,2,2026-06-14,원단이 얇은 건 좋은데 내구성은 조금 걱정돼요.
DEMO-0140,세미오버핏 니트 가디건,브라운 / L,4,2026-06-14,가격은 좀 있지만 촉감이 좋아서 만족합니다. 다음에도 살 것 같아요.
DEMO-0307,베이직 롱 원피스,네이비 / L,2,2026-06-14,디자인은 예쁜데 기장이 생각보다 길어요. 실제로 받아보니 느낌이 더 잘 와요.
DEMO-0340,경량 숏패딩,그레이 / M,4,2026-06-14,가볍고 따뜻한데 지퍼가 가끔 걸려요. 배송은 빨랐어요.
DEMO-0202,하이웨스트 데님 팬츠,블랙 / L,5,2026-06-13,색감이 예쁘고 데일리로 입기 좋습니다. 상세페이지를 꼭 보고 사세요.
DEMO-0201,하이웨스트 데님 팬츠,연청 / M,5,2026-06-13,라인이 예쁘고 다리가 길어 보여요. 실제로 받아보니 느낌이 더 잘 와요.
DEMO-0304,베이직 롱 원피스,브라운 / M,4,2026-06-13,원피스는 예쁜데 키 작은 분들은 길이 확인해야 할 듯해요. 데일리로 입기 괜찮습니다.
DEMO-0030,데일리 와이드 슬랙스,블랙 / M,3,2026-06-13,바지는 예쁜데 허리가 남아서 한 치수 작게 가도 됐을 듯해요.
DEMO-0322,경량 숏패딩,카키 / L,5,2026-06-13,가벼운데 생각보다 따뜻해서 만족해요. 다음에도 살 것 같아요.
DEMO-0132,크롭 반팔 티셔츠,핑크 / M,1,2026-06-12,사진보다 색이 훨씬 어두워서 당황했어요.
DEMO-0087,썸머 린넨 셔츠,네이비 / L,1,2026-06-12,생각보다 비침이 심해서 단독으로 입기 어려워요.
DEMO-0152,세미오버핏 니트 가디건,그레이 / M,5,2026-06-12,가격은 좀 있지만 촉감이 좋아서 만족합니다. 상세페이지를 꼭 보고 사세요.
DEMO-0218,하이웨스트 데님 팬츠,연청 / S,1,2026-06-11,너무 작게 나왔어요. 허벅지가 껴서 활동하기 불편합니다.
DEMO-0225,하이웨스트 데님 팬츠,연청 / S,4,2026-06-11,정사이즈보다 여유 있게 보는 게 좋을 것 같습니다. 다음에도 살 것 같아요.
DEMO-0353,경량 숏패딩,블랙 / L,1,2026-06-11,지퍼가 자꾸 걸려서 입고 벗을 때 불편해요.
DEMO-0067,썸머 린넨 셔츠,화이트 / M,5,2026-06-10,원단이 얇고 시원해서 여름에 입기 좋아요. 사이즈 고민 많이 했는데 참고하세요.
DEMO-0146,세미오버핏 니트 가디건,브라운 / L,5,2026-06-10,가격은 좀 있지만 촉감이 좋아서 만족합니다. 실제로 받아보니 느낌이 더 잘 와요.
DEMO-0315,베이직 롱 원피스,블랙 / M,4,2026-06-10,심플한 원피스입니다. 길이는 꼭 확인하세요. 배송은 빨랐어요.
DEMO-0230,루즈핏 후드 집업,멜란지 / L,5,2026-06-10,가격 대비 퀄리티 좋아요. 상세페이지를 꼭 보고 사세요.
DEMO-0011,데일리 와이드 슬랙스,블랙 / S,5,2026-06-10,기본 슬랙스로 딱이에요. 셔츠랑 입으면 깔끔합니다. 다음에도 살 것 같아요.
DEMO-0337,경량 숏패딩,그레이 / M,4,2026-06-10,보온성 괜찮고 무게가 가벼워서 손이 자주 갑니다. 다음에도 살 것 같아요.
DEMO-0355,경량 숏패딩,카키 / L,2,2026-06-09,처음 받았을 때 충전재가 한쪽으로 몰려 있었어요.
DEMO-0312,베이직 롱 원피스,카키 / M,2,2026-06-08,기장이 너무 길어서 바로 입기 어려웠어요.
DEMO-0273,베이직 롱 원피스,카키 / M,5,2026-06-08,디자인이 심플해서 자주 손이 갈 것 같아요. 상세페이지를 꼭 보고 사세요.
DEMO-0258,루즈핏 후드 집업,크림 / M,4,2026-06-08,원단은 좋은데 품이 커서 체구 작은 분들은 사이즈 확인 필요해요. 포장은 깔끔했습니다.
DEMO-0252,루즈핏 후드 집업,멜란지 / L,3,2026-06-08,원단은 좋은데 품이 커서 체구 작은 분들은 사이즈 확인 필요해요. 다음에도 살 것 같아요.
DEMO-0121,크롭 반팔 티셔츠,아이보리 / M,3,2026-06-07,핏은 예쁜데 사진보다 색이 조금 어두워요. 다음에도 살 것 같아요.
DEMO-0124,크롭 반팔 티셔츠,아이보리 / S,3,2026-06-07,원단은 좋은데 아이보리는 비침이 조금 있습니다. 배송은 빨랐어요.
DEMO-0356,경량 숏패딩,아이보리 / M,2,2026-06-07,마감이 아쉬워서 가격 대비 조금 실망했어요.
DEMO-0110,크롭 반팔 티셔츠,블랙 / L,5,2026-06-06,핏이 예뻐서 여름에 자주 입을 것 같아요. 데일리로 입기 괜찮습니다.
DEMO-0136,세미오버핏 니트 가디건,블랙 / L,5,2026-06-06,소재가 부드럽고 까슬거림이 거의 없어요. 색상은 조명에 따라 조금 달라 보여요.
DEMO-0144,세미오버핏 니트 가디건,크림 / M,4,2026-06-06,두께감이 적당해서 간절기에 입기 좋습니다. 포장은 깔끔했습니다.
DEMO-0288,베이직 롱 원피스,카키 / M,5,2026-06-06,비침이 거의 없고 촉감도 괜찮아요. 배송은 빨랐어요.
DEMO-0247,루즈핏 후드 집업,네이비 / L,4,2026-06-06,안감이 부드러워서 자주 입게 됩니다. 실제로 받아보니 느낌이 더 잘 와요.
DEMO-0044,데일리 와이드 슬랙스,베이지 / M,3,2026-06-06,무난한 슬랙스예요. 특별히 나쁘진 않습니다. 데일리로 입기 괜찮습니다.
DEMO-0359,경량 숏패딩,블랙 / L,4,2026-06-06,경량 패딩이라 엄청 두껍진 않습니다. 데일리로 입기 괜찮습니다.
DEMO-0329,경량 숏패딩,블랙 / M,4,2026-06-06,부해 보이지 않고 짧은 기장이 예뻐요. 배송은 빨랐어요.
DEMO-0099,크롭 반팔 티셔츠,아이보리 / M,5,2026-06-05,목 늘어짐이 적어 보여서 좋습니다.
DEMO-0309,베이직 롱 원피스,블랙 / M,1,2026-06-05,사진보다 길고 무게감도 있어서 여름에는 답답할 수 있어요.
DEMO-0077,썸머 린넨 셔츠,베이지 / M,4,2026-06-04,핏은 좋은데 화이트는 비침이 좀 있어요. 이너 필수입니다. 상세페이지를 꼭 보고 사세요.
DEMO-0055,썸머 린넨 셔츠,화이트 / L,5,2026-06-04,색감이 은은하고 청바지랑 잘 어울립니다. 다음에도 살 것 같아요.
DEMO-0302,베이직 롱 원피스,브라운 / M,5,2026-06-04,키 160 기준 발목까지 와서 수선 고민 중이에요.
DEMO-0263,루즈핏 후드 집업,멜란지 / M,1,2026-06-04,생각보다 너무 커서 옷에 파묻히는 느낌이에요.
DEMO-0300,베이직 롱 원피스,블랙 / S,3,2026-06-03,전체적으로 만족하지만 기장 옵션이 있으면 좋겠어요. 데일리로 입기 괜찮습니다.
DEMO-0256,루즈핏 후드 집업,네이비 / L,3,2026-06-03,편하긴 한데 생각보다 많이 커요. 정핏 원하면 한 치수 작게 가도 될 듯해요.
DEMO-0109,크롭 반팔 티셔츠,아이보리 / M,5,2026-06-02,크롭 기장이 딱 예쁘고 하이웨스트랑 잘 맞아요.
DEMO-0122,크롭 반팔 티셔츠,블랙 / L,3,2026-06-02,색상은 화면이랑 살짝 다르지만 옷 자체는 괜찮아요.
DEMO-0306,베이직 롱 원피스,브라운 / M,3,2026-06-02,전체적으로 만족하지만 기장 옵션이 있으면 좋겠어요. 상세페이지를 꼭 보고 사세요.
DEMO-0351,경량 숏패딩,그레이 / M,3,2026-06-02,배송은 빨랐는데 비닐 포장이 조금 약했어요. 사이즈 고민 많이 했는데 참고하세요.
DEMO-0135,크롭 반팔 티셔츠,아이보리 / M,4,2026-06-01,무난한 티셔츠입니다. 색상은 상세컷 참고하세요. 배송은 빨랐어요.
DEMO-0284,베이직 롱 원피스,브라운 / M,5,2026-06-01,원단이 부드럽고 몸에 붙지 않아서 편해요. 상세페이지를 꼭 보고 사세요.
DEMO-0041,데일리 와이드 슬랙스,블랙 / M,1,2026-06-01,사진보다 핏이 덜 잡혀 보여서 아쉬웠어요.
DEMO-0005,데일리 와이드 슬랙스,베이지 / M,5,2026-06-01,색감이 차분해서 여러 상의랑 잘 어울려요. 다음에도 살 것 같아요.
DEMO-0116,크롭 반팔 티셔츠,아이보리 / S,2,2026-05-31,색상은 화면이랑 살짝 다르지만 옷 자체는 괜찮아요. 다음에도 살 것 같아요.
DEMO-0169,세미오버핏 니트 가디건,크림 / M,3,2026-05-31,색은 예쁜데 관리가 쉬운 옷은 아닌 것 같아요. 포장은 깔끔했습니다.
DEMO-0019,데일리 와이드 슬랙스,베이지 / M,3,2026-05-31,기본 슬랙스로 딱이에요. 셔츠랑 입으면 깔끔합니다. 다음에도 살 것 같아요.
DEMO-0115,크롭 반팔 티셔츠,블랙 / L,2,2026-05-30,핏은 예쁜데 사진보다 색이 조금 어두워요.
DEMO-0080,썸머 린넨 셔츠,화이트 / M,3,2026-05-30,가볍고 좋은데 단추 마감은 조금 아쉬워요. 다음에도 살 것 같아요.
DEMO-0285,베이직 롱 원피스,블랙 / S,4,2026-05-30,디자인이 심플해서 자주 손이 갈 것 같아요. 색상은 조명에 따라 조금 달라 보여요.
DEMO-0232,루즈핏 후드 집업,멜란지 / L,5,2026-05-30,넉넉하게 입기 좋고 후드 모양도 잘 잡혀요. 데일리로 입기 괜찮습니다.
DEMO-0018,데일리 와이드 슬랙스,블랙 / M,5,2026-05-30,와이드핏인데 너무 부해 보이지 않아서 마음에 들어요. 다음에도 살 것 같아요.
DEMO-0343,경량 숏패딩,그레이 / M,5,2026-05-30,옷은 마음에 드는데 지퍼 부분 검수가 필요해 보여요. 사이즈 고민 많이 했는데 참고하세요.
DEMO-0350,경량 숏패딩,블랙 / L,3,2026-05-30,가볍고 좋은데 소매 마감이 살짝 아쉽습니다. 데일리로 입기 괜찮습니다.
DEMO-0206,하이웨스트 데님 팬츠,연청 / M,4,2026-05-29,다리 라인은 예쁜데 허벅지가 타이트해서 사이즈 업 추천해요. 사이즈 고민 많이 했는데 참고하세요.
DEMO-0123,크롭 반팔 티셔츠,블랙 / L,5,2026-05-29,기장은 마음에 드는데 민트 색이 생각보다 탁해요.
DEMO-0314,베이직 롱 원피스,브라운 / M,3,2026-05-29,롱 기장이라 키에 따라 느낌이 많이 다를 것 같아요. 실제로 받아보니 느낌이 더 잘 와요.
DEMO-0236,루즈핏 후드 집업,블랙 / M,4,2026-05-29,가격 대비 퀄리티 좋아요. 색상은 조명에 따라 조금 달라 보여요.
DEMO-0320,경량 숏패딩,그레이 / M,4,2026-05-29,가격은 조금 있지만 가벼움이 마음에 들어요. 상세페이지를 꼭 보고 사세요.
DEMO-0324,경량 숏패딩,아이보리 / M,5,2026-05-29,출퇴근용으로 가볍게 입기 좋아요. 실제로 받아보니 느낌이 더 잘 와요.
DEMO-0113,크롭 반팔 티셔츠,민트 / M,4,2026-05-28,가격 대비 괜찮은 기본 티셔츠예요. 배송은 빨랐어요.
DEMO-0277,베이직 롱 원피스,네이비 / L,5,2026-05-28,라인이 깔끔하고 하나만 입어도 차려입은 느낌이에요.
DEMO-0342,경량 숏패딩,그레이 / M,3,2026-05-28,보온성은 좋은데 포장이 조금 눌려서 왔어요. 사이즈 고민 많이 했는데 참고하세요.
DEMO-0203,하이웨스트 데님 팬츠,진청 / L,3,2026-05-27,원단이 탄탄해서 핏이 잘 잡혀요. 상세페이지를 꼭 보고 사세요.
DEMO-0191,하이웨스트 데님 팬츠,연청 / S,4,2026-05-27,라인이 예쁘고 다리가 길어 보여요. 배송은 빨랐어요.
DEMO-0127,크롭 반팔 티셔츠,블랙 / L,3,2026-05-27,핏은 예쁜데 사진보다 색이 조금 어두워요. 실제로 받아보니 느낌이 더 잘 와요.
DEMO-0172,세미오버핏 니트 가디건,그레이 / M,3,2026-05-27,부드럽고 예쁜데 보풀이 조금 생길 것 같아요. 데일리로 입기 괜찮습니다.
DEMO-0298,베이직 롱 원피스,블랙 / M,4,2026-05-27,원피스는 예쁜데 키 작은 분들은 길이 확인해야 할 듯해요. 데일리로 입기 괜찮습니다.
DEMO-0100,크롭 반팔 티셔츠,블랙 / L,4,2026-05-26,소재가 부드럽고 피부에 까슬거리지 않아요. 사이즈 고민 많이 했는데 참고하세요.
DEMO-0178,세미오버핏 니트 가디건,오트밀 / M,2,2026-05-26,세탁 후 모양이 변해서 아쉬웠습니다.
DEMO-0171,세미오버핏 니트 가디건,크림 / M,3,2026-05-26,처음엔 좋았는데 몇 번 입으니 밑단이 조금 늘어났어요. 포장은 깔끔했습니다.
DEMO-0004,데일리 와이드 슬랙스,베이지 / M,5,2026-05-26,구김이 생각보다 덜하고 하루 종일 입어도 편했어요. 실제로 받아보니 느낌이 더 잘 와요.
DEMO-0031,데일리 와이드 슬랙스,블랙 / M,4,2026-05-26,핏은 예쁜데 허리가 살짝 커요. 벨트하면 괜찮습니다. 데일리로 입기 괜찮습니다.
DEMO-0333,경량 숏패딩,블랙 / M,5,2026-05-26,색감이 깔끔하고 여러 바지랑 잘 맞아요. 실제로 받아보니 느낌이 더 잘 와요.
DEMO-0197,하이웨스트 데님 팬츠,블랙 / L,5,2026-05-25,색감이 예쁘고 데일리로 입기 좋습니다.
DEMO-0104,크롭 반팔 티셔츠,아이보리 / S,4,2026-05-25,핏이 예뻐서 여름에 자주 입을 것 같아요. 사이즈 고민 많이 했는데 참고하세요.
DEMO-0154,세미오버핏 니트 가디건,블랙 / L,4,2026-05-25,소재가 부드럽고 까슬거림이 거의 없어요.
DEMO-0025,데일리 와이드 슬랙스,블랙 / S,4,2026-05-25,핏은 예쁜데 허리가 살짝 커요. 벨트하면 괜찮습니다. 사이즈 고민 많이 했는데 참고하세요.
DEMO-0043,데일리 와이드 슬랙스,블랙 / M,1,2026-05-25,기장이 너무 길어서 바로 입기는 힘들었어요.
DEMO-0126,크롭 반팔 티셔츠,아이보리 / S,3,2026-05-24,핏은 만족인데 컬러가 기대랑 달라서 아쉬워요. 상세페이지를 꼭 보고 사세요.
DEMO-0118,크롭 반팔 티셔츠,아이보리 / S,5,2026-05-24,원단은 좋은데 아이보리는 비침이 조금 있습니다. 포장은 깔끔했습니다.
DEMO-0286,베이직 롱 원피스,브라운 / M,4,2026-05-24,핏이 예쁘고 허리선이 자연스럽게 잡혀요. 실제로 받아보니 느낌이 더 잘 와요.
DEMO-0226,루즈핏 후드 집업,네이비 / L,4,2026-05-24,넉넉하게 입기 좋고 후드 모양도 잘 잡혀요. 데일리로 입기 괜찮습니다.
DEMO-0249,루즈핏 후드 집업,멜란지 / M,4,2026-05-24,품이 넉넉해서 레이어드하기 편해요. 데일리로 입기 괜찮습니다.
DEMO-0341,경량 숏패딩,카키 / L,4,2026-05-24,핏은 예쁜데 마감 실밥이 조금 보여요.
DEMO-0349,경량 숏패딩,카키 / L,3,2026-05-24,옷은 마음에 드는데 지퍼 부분 검수가 필요해 보여요. 다음에도 살 것 같아요.
DEMO-0125,크롭 반팔 티셔츠,아이보리 / M,4,2026-05-23,디자인은 예쁜데 핑크가 사진보다 진하게 느껴져요. 배송은 빨랐어요.
DEMO-0293,베이직 롱 원피스,카키 / M,5,2026-05-23,가격대비 만족합니다. 출근룩으로 좋아요. 데일리로 입기 괜찮습니다.
DEMO-0348,경량 숏패딩,그레이 / M,3,2026-05-23,보온성은 좋은데 포장이 조금 눌려서 왔어요. 사이즈 고민 많이 했는데 참고하세요.
DEMO-0182,하이웨스트 데님 팬츠,중청 / M,5,2026-05-22,색감이 예쁘고 데일리로 입기 좋습니다. 배송은 빨랐어요.
DEMO-0137,세미오버핏 니트 가디건,크림 / M,5,2026-05-22,세미오버핏이라 여리여리하게 떨어져요. 배송은 빨랐어요.
DEMO-0294,베이직 롱 원피스,블랙 / M,5,2026-05-22,비침이 거의 없고 촉감도 괜찮아요.
DEMO-0260,루즈핏 후드 집업,멜란지 / L,5,2026-05-22,"넉넉한 핏 좋아하면 추천, 아니면 작게 가는 게 나을 것 같아요. 데일리로 입기 괜찮습니다."
DEMO-0213,하이웨스트 데님 팬츠,연청 / S,5,2026-05-21,다리 라인은 예쁜데 허벅지가 타이트해서 사이즈 업 추천해요. 배송은 빨랐어요.
DEMO-0006,데일리 와이드 슬랙스,네이비 / L,5,2026-05-21,가격대비 만족해요. 재구매 의사 있습니다. 실제로 받아보니 느낌이 더 잘 와요.
DEMO-0344,경량 숏패딩,그레이 / M,4,2026-05-21,가볍고 좋은데 소매 마감이 살짝 아쉽습니다.
DEMO-0095,크롭 반팔 티셔츠,핑크 / M,5,2026-05-20,가격 대비 괜찮은 기본 티셔츠예요. 색상은 조명에 따라 조금 달라 보여요.
DEMO-0128,크롭 반팔 티셔츠,아이보리 / M,1,2026-05-20,사진보다 색이 훨씬 어두워서 당황했어요.
DEMO-0082,썸머 린넨 셔츠,화이트 / M,4,2026-05-20,시원하긴 한데 구김이 잘 가는 편이에요. 실제로 받아보니 느낌이 더 잘 와요.
DEMO-0151,세미오버핏 니트 가디건,그레이 / M,5,2026-05-20,색감이 고급스럽고 사진이랑 거의 비슷했어요.
DEMO-0303,베이직 롱 원피스,브라운 / M,5,2026-05-20,핏은 마음에 드는데 계단 오를 때 기장이 조금 신경 쓰여요. 사이즈 고민 많이 했는데 참고하세요.
DEMO-0357,경량 숏패딩,아이보리 / M,1,2026-05-20,지퍼가 자꾸 걸려서 입고 벗을 때 불편해요.
DEMO-0354,경량 숏패딩,아이보리 / M,1,2026-05-20,한쪽 봉제선 마감이 삐뚤어서 교환 고민했습니다.
DEMO-0120,크롭 반팔 티셔츠,핑크 / M,4,2026-05-19,핏은 만족인데 컬러가 기대랑 달라서 아쉬워요. 실제로 받아보니 느낌이 더 잘 와요.
DEMO-0134,크롭 반팔 티셔츠,민트 / M,3,2026-05-19,크롭 기장이라 취향 탈 수 있어요. 데일리로 입기 괜찮습니다.
DEMO-0088,썸머 린넨 셔츠,네이비 / L,1,2026-05-19,구김이 너무 잘 생겨서 관리가 번거롭습니다.
DEMO-0281,베이직 롱 원피스,카키 / M,5,2026-05-19,가격대비 만족합니다. 출근룩으로 좋아요. 색상은 조명에 따라 조금 달라 보여요.
DEMO-0021,데일리 와이드 슬랙스,네이비 / L,5,2026-05-19,색감이 차분해서 여러 상의랑 잘 어울려요. 색상은 조명에 따라 조금 달라 보여요.
DEMO-0346,경량 숏패딩,카키 / L,5,2026-05-19,가볍고 따뜻한데 지퍼가 가끔 걸려요.
DEMO-0334,경량 숏패딩,그레이 / M,4,2026-05-19,가벼운데 생각보다 따뜻해서 만족해요. 다음에도 살 것 같아요.
DEMO-0352,경량 숏패딩,그레이 / M,3,2026-05-19,가볍고 따뜻한데 지퍼가 가끔 걸려요. 사이즈 고민 많이 했는데 참고하세요.
DEMO-0248,루즈핏 후드 집업,블랙 / M,5,2026-05-18,가격 대비 퀄리티 좋아요. 상세페이지를 꼭 보고 사세요.
DEMO-0117,크롭 반팔 티셔츠,블랙 / L,3,2026-05-17,기장은 마음에 드는데 민트 색이 생각보다 탁해요. 사이즈 고민 많이 했는데 참고하세요.
DEMO-0131,크롭 반팔 티셔츠,블랙 / L,1,2026-05-17,색상 차이가 커서 교환 고민했습니다.
DEMO-0068,썸머 린넨 셔츠,화이트 / M,5,2026-05-17,통기성이 좋아서 더운 날에도 답답하지 않았어요.
DEMO-0295,베이직 롱 원피스,블랙 / S,2,2026-05-17,디자인은 예쁜데 기장이 생각보다 길어요. 사이즈 고민 많이 했는데 참고하세요.
DEMO-0270,루즈핏 후드 집업,멜란지 / M,4,2026-05-17,넉넉한 후드 집업이에요. 체형에 따라 크게 느껴질 수 있습니다. 다음에도 살 것 같아요.
DEMO-0026,데일리 와이드 슬랙스,베이지 / M,3,2026-05-17,전체적으로 만족하는데 기장이 조금 길어서 수선했어요. 색상은 조명에 따라 조금 달라 보여요.
DEMO-0358,경량 숏패딩,아이보리 / M,1,2026-05-17,한쪽 봉제선 마감이 삐뚤어서 교환 고민했습니다.
DEMO-0094,크롭 반팔 티셔츠,아이보리 / S,5,2026-05-16,소재가 부드럽고 피부에 까슬거리지 않아요. 배송은 빨랐어요.
DEMO-0093,크롭 반팔 티셔츠,아이보리 / M,5,2026-05-16,목 늘어짐이 적어 보여서 좋습니다. 배송은 빨랐어요.
DEMO-0107,크롭 반팔 티셔츠,아이보리 / S,5,2026-05-16,가격 대비 괜찮은 기본 티셔츠예요. 포장은 깔끔했습니다.
DEMO-0108,크롭 반팔 티셔츠,아이보리 / S,4,2026-05-16,팔 기장이 너무 짧지 않아서 부담 없이 입기 좋아요. 데일리로 입기 괜찮습니다.
DEMO-0158,세미오버핏 니트 가디건,브라운 / L,4,2026-05-16,가격은 좀 있지만 촉감이 좋아서 만족합니다. 배송은 빨랐어요.
DEMO-0090,썸머 린넨 셔츠,베이지 / M,3,2026-05-15,얇고 가벼운 편입니다. 이너는 챙기는 게 좋아요. 사이즈 고민 많이 했는데 참고하세요.
DEMO-0179,세미오버핏 니트 가디건,크림 / M,3,2026-05-15,니트라 보풀은 어느 정도 감안해야 할 듯해요. 데일리로 입기 괜찮습니다.
DEMO-0291,베이직 롱 원피스,네이비 / L,5,2026-05-15,디자인이 심플해서 자주 손이 갈 것 같아요.
DEMO-0266,루즈핏 후드 집업,블랙 / M,2,2026-05-15,세탁 후 밑단이 조금 울었어요.
DEMO-0345,경량 숏패딩,블랙 / M,4,2026-05-15,배송은 빨랐는데 비닐 포장이 조금 약했어요. 다음에도 살 것 같아요.
DEMO-0347,경량 숏패딩,카키 / L,4,2026-05-15,핏은 예쁜데 마감 실밥이 조금 보여요. 배송은 빨랐어요.
DEMO-0209,하이웨스트 데님 팬츠,블랙 / L,3,2026-05-14,입으면 예쁜데 처음엔 너무 타이트해서 불편했어요. 배송은 빨랐어요.
DEMO-0239,루즈핏 후드 집업,블랙 / M,4,2026-05-14,두께감이 적당해서 아침저녁에 걸치기 좋아요. 데일리로 입기 괜찮습니다.
DEMO-0039,데일리 와이드 슬랙스,네이비 / L,3,2026-05-14,기장이 너무 길어서 바로 입기는 힘들었어요.
DEMO-0052,썸머 린넨 셔츠,화이트 / L,5,2026-05-13,생각보다 고급스러운 느낌이라 자주 입을 것 같아요. 색상은 조명에 따라 조금 달라 보여요.
DEMO-0275,베이직 롱 원피스,네이비 / L,4,2026-05-13,가격대비 만족합니다. 출근룩으로 좋아요. 다음에도 살 것 같아요.
DEMO-0227,루즈핏 후드 집업,크림 / M,5,2026-05-13,두께감이 적당해서 아침저녁에 걸치기 좋아요. 포장은 깔끔했습니다.
DEMO-0071,썸머 린넨 셔츠,스카이블루 / M,5,2026-05-12,핏은 좋은데 화이트는 비침이 좀 있어요. 이너 필수입니다. 실제로 받아보니 느낌이 더 잘 와요.
DEMO-0267,루즈핏 후드 집업,블랙 / M,2,2026-05-12,생각보다 너무 커서 옷에 파묻히는 느낌이에요.
DEMO-0003,데일리 와이드 슬랙스,블랙 / M,5,2026-05-12,기본 슬랙스로 딱이에요. 셔츠랑 입으면 깔끔합니다. 사이즈 고민 많이 했는데 참고하세요.
DEMO-0168,세미오버핏 니트 가디건,브라운 / L,3,2026-05-11,소재감은 좋은데 소매 부분 보풀이 빨리 올라와요. 사이즈 고민 많이 했는데 참고하세요.
DEMO-0176,세미오버핏 니트 가디건,그레이 / M,2,2026-05-11,마감 실밥이 보여서 품질 검수가 필요해 보여요.
DEMO-0196,하이웨스트 데님 팬츠,중청 / M,4,2026-05-10,라인이 예쁘고 다리가 길어 보여요. 사이즈 고민 많이 했는데 참고하세요.
DEMO-0276,베이직 롱 원피스,브라운 / M,5,2026-05-10,비침이 거의 없고 촉감도 괜찮아요. 상세페이지를 꼭 보고 사세요.
DEMO-0264,루즈핏 후드 집업,멜란지 / M,1,2026-05-10,소매가 길고 품이 커서 제 체형에는 안 맞았어요.
DEMO-0032,데일리 와이드 슬랙스,네이비 / L,2,2026-05-10,전체적으로 만족하는데 기장이 조금 길어서 수선했어요. 상세페이지를 꼭 보고 사세요.
DEMO-0114,크롭 반팔 티셔츠,핑크 / M,5,2026-05-09,팔 기장이 너무 짧지 않아서 부담 없이 입기 좋아요. 다음에도 살 것 같아요.
DEMO-0048,썸머 린넨 셔츠,화이트 / L,4,2026-05-09,색감이 은은하고 청바지랑 잘 어울립니다. 실제로 받아보니 느낌이 더 잘 와요.
DEMO-0234,루즈핏 후드 집업,멜란지 / L,4,2026-05-09,루즈핏이라 편하고 캐주얼하게 입기 좋습니다. 색상은 조명에 따라 조금 달라 보여요.
DEMO-0217,하이웨스트 데님 팬츠,진청 / L,4,2026-05-08,허리가 딱 맞아서 밥 먹으면 조금 힘들어요. 여유 있게 가는 게 좋을 듯해요. 데일리로 입기 괜찮습니다.
DEMO-0223,하이웨스트 데님 팬츠,연청 / S,2,2026-05-08,사이즈표 보고 샀는데 생각보다 훨씬 타이트해요.
DEMO-0066,썸머 린넨 셔츠,스카이블루 / M,4,2026-05-08,생각보다 고급스러운 느낌이라 자주 입을 것 같아요. 색상은 조명에 따라 조금 달라 보여요.
DEMO-0175,세미오버핏 니트 가디건,크림 / M,2,2026-05-08,소매 늘어남이 생각보다 빨라요.
DEMO-0145,세미오버핏 니트 가디건,오트밀 / M,4,2026-05-08,색감이 고급스럽고 사진이랑 거의 비슷했어요. 다음에도 살 것 같아요.
DEMO-0166,세미오버핏 니트 가디건,브라운 / L,3,2026-05-08,부드럽고 예쁜데 보풀이 조금 생길 것 같아요. 데일리로 입기 괜찮습니다.
DEMO-0183,하이웨스트 데님 팬츠,연청 / S,4,2026-05-07,원단이 탄탄해서 핏이 잘 잡혀요. 사이즈 고민 많이 했는데 참고하세요.
DEMO-0200,하이웨스트 데님 팬츠,진청 / L,5,2026-05-07,가격대비 데님 퀄리티가 괜찮아요. 색상은 조명에 따라 조금 달라 보여요.
DEMO-0047,썸머 린넨 셔츠,화이트 / L,3,2026-05-07,통기성이 좋아서 더운 날에도 답답하지 않았어요. 데일리로 입기 괜찮습니다.
DEMO-0008,데일리 와이드 슬랙스,블랙 / M,5,2026-05-07,비싸긴 해도 핏이 좋아서 돈값은 하는 것 같아요. 데일리로 입기 괜찮습니다.
DEMO-0033,데일리 와이드 슬랙스,블랙 / M,3,2026-05-07,원단은 좋은데 생각보다 통이 넓어서 호불호 있을 듯해요. 사이즈 고민 많이 했는데 참고하세요.
DEMO-0167,세미오버핏 니트 가디건,크림 / M,5,2026-05-06,핏은 마음에 드는데 세탁 후 살짝 늘어난 느낌이 있어요. 사이즈 고민 많이 했는데 참고하세요.
DEMO-0287,베이직 롱 원피스,블랙 / M,3,2026-05-06,가격대비 만족합니다. 출근룩으로 좋아요. 데일리로 입기 괜찮습니다.
DEMO-0010,데일리 와이드 슬랙스,블랙 / M,4,2026-05-06,와이드핏인데 너무 부해 보이지 않아서 마음에 들어요. 포장은 깔끔했습니다.
DEMO-0038,데일리 와이드 슬랙스,베이지 / M,2,2026-05-06,허리가 많이 커서 흘러내려요. 사이즈 선택이 어려웠습니다.
DEMO-0335,경량 숏패딩,블랙 / L,5,2026-05-06,부해 보이지 않고 짧은 기장이 예뻐요. 포장은 깔끔했습니다.
DEMO-0190,하이웨스트 데님 팬츠,진청 / L,5,2026-05-05,가격대비 데님 퀄리티가 괜찮아요. 상세페이지를 꼭 보고 사세요.
DEMO-0188,하이웨스트 데님 팬츠,중청 / M,5,2026-05-05,원단이 탄탄해서 핏이 잘 잡혀요. 배송은 빨랐어요.
DEMO-0186,하이웨스트 데님 팬츠,연청 / M,5,2026-05-05,라인이 예쁘고 다리가 길어 보여요. 상세페이지를 꼭 보고 사세요.
DEMO-0023,데일리 와이드 슬랙스,블랙 / S,4,2026-05-05,허리 밴딩이 편해서 오래 앉아 있어도 괜찮네요. 색상은 조명에 따라 조금 달라 보여요.
DEMO-0096,크롭 반팔 티셔츠,아이보리 / S,4,2026-05-04,팔 기장이 너무 짧지 않아서 부담 없이 입기 좋아요. 상세페이지를 꼭 보고 사세요.
DEMO-0119,크롭 반팔 티셔츠,핑크 / M,5,2026-05-04,디자인은 예쁜데 핑크가 사진보다 진하게 느껴져요. 다음에도 살 것 같아요.
DEMO-0289,베이직 롱 원피스,카키 / M,5,2026-05-04,라인이 깔끔하고 하나만 입어도 차려입은 느낌이에요. 사이즈 고민 많이 했는데 참고하세요.
DEMO-0240,루즈핏 후드 집업,멜란지 / M,4,2026-05-04,루즈핏이라 편하고 캐주얼하게 입기 좋습니다. 색상은 조명에 따라 조금 달라 보여요.
DEMO-0028,데일리 와이드 슬랙스,블랙 / M,5,2026-05-04,색은 예쁜데 허리 사이즈가 애매해요. 상세 실측 꼭 보고 사세요. 다음에도 살 것 같아요.
DEMO-0097,크롭 반팔 티셔츠,핑크 / M,4,2026-05-03,크롭 기장이 딱 예쁘고 하이웨스트랑 잘 맞아요. 상세페이지를 꼭 보고 사세요.
DEMO-0138,세미오버핏 니트 가디건,블랙 / L,4,2026-05-03,두께감이 적당해서 간절기에 입기 좋습니다. 데일리로 입기 괜찮습니다.
DEMO-0259,루즈핏 후드 집업,멜란지 / L,5,2026-05-03,편하게 입기는 좋은데 사진보다 더 박시한 느낌이에요. 사이즈 고민 많이 했는데 참고하세요.
DEMO-0160,세미오버핏 니트 가디건,오트밀 / M,3,2026-05-02,부드럽고 예쁜데 보풀이 조금 생길 것 같아요. 실제로 받아보니 느낌이 더 잘 와요.
DEMO-0265,루즈핏 후드 집업,블랙 / M,3,2026-05-02,지퍼 마감이 살짝 거칠어서 아쉽습니다.
DEMO-0150,세미오버핏 니트 가디건,오트밀 / M,5,2026-05-01,두께감이 적당해서 간절기에 입기 좋습니다. 사이즈 고민 많이 했는데 참고하세요.
DEMO-0233,루즈핏 후드 집업,네이비 / L,5,2026-05-01,두께감이 적당해서 아침저녁에 걸치기 좋아요. 배송은 빨랐어요.
DEMO-0336,경량 숏패딩,블랙 / L,5,2026-05-01,출퇴근용으로 가볍게 입기 좋아요. 데일리로 입기 괜찮습니다.
DEMO-0148,세미오버핏 니트 가디건,크림 / M,5,2026-04-30,소재가 부드럽고 까슬거림이 거의 없어요. 포장은 깔끔했습니다.
DEMO-0174,세미오버핏 니트 가디건,블랙 / L,1,2026-04-30,세탁 후 모양이 변해서 아쉬웠습니다.
DEMO-0142,세미오버핏 니트 가디건,크림 / M,4,2026-04-29,소재가 부드럽고 까슬거림이 거의 없어요. 실제로 받아보니 느낌이 더 잘 와요.
DEMO-0156,세미오버핏 니트 가디건,블랙 / L,4,2026-04-29,두께감이 적당해서 간절기에 입기 좋습니다. 실제로 받아보니 느낌이 더 잘 와요.
DEMO-0228,루즈핏 후드 집업,네이비 / L,5,2026-04-29,루즈핏이라 편하고 캐주얼하게 입기 좋습니다. 색상은 조명에 따라 조금 달라 보여요.
DEMO-0212,하이웨스트 데님 팬츠,연청 / M,4,2026-04-28,핏은 정말 예쁜데 허리가 너무 딱 맞아요. 한 사이즈 크게 살 걸 그랬어요. 상세페이지를 꼭 보고 사세요.
DEMO-0173,세미오버핏 니트 가디건,크림 / M,3,2026-04-28,하루 입었는데 보풀이 바로 올라왔어요.
DEMO-0022,데일리 와이드 슬랙스,네이비 / L,4,2026-04-28,가격대비 만족해요. 재구매 의사 있습니다. 실제로 받아보니 느낌이 더 잘 와요.
DEMO-0002,데일리 와이드 슬랙스,네이비 / L,5,2026-04-28,와이드핏인데 너무 부해 보이지 않아서 마음에 들어요. 데일리로 입기 괜찮습니다.
DEMO-0014,데일리 와이드 슬랙스,베이지 / M,5,2026-04-28,가격대비 만족해요. 재구매 의사 있습니다.
DEMO-0360,경량 숏패딩,카키 / L,3,2026-04-28,가볍게 걸치는 용도에 가까워요. 포장은 깔끔했습니다.
DEMO-0261,루즈핏 후드 집업,네이비 / L,2,2026-04-27,후드는 예쁜데 어깨가 많이 내려와서 호불호 있을 듯합니다. 상세페이지를 꼭 보고 사세요.
DEMO-0133,크롭 반팔 티셔츠,핑크 / M,3,2026-04-26,아이보리가 생각보다 노란빛이 강해서 아쉬워요.
DEMO-0235,루즈핏 후드 집업,네이비 / L,5,2026-04-26,안감이 부드러워서 자주 입게 됩니다.
DEMO-0229,루즈핏 후드 집업,멜란지 / L,5,2026-04-25,안감이 부드러워서 자주 입게 됩니다.
DEMO-0034,데일리 와이드 슬랙스,네이비 / L,3,2026-04-25,색은 예쁜데 허리 사이즈가 애매해요. 상세 실측 꼭 보고 사세요. 색상은 조명에 따라 조금 달라 보여요.
DEMO-0195,하이웨스트 데님 팬츠,중청 / M,4,2026-04-24,가격대비 데님 퀄리티가 괜찮아요. 사이즈 고민 많이 했는데 참고하세요.
DEMO-0282,베이직 롱 원피스,브라운 / M,5,2026-04-24,비침이 거의 없고 촉감도 괜찮아요.
DEMO-0045,데일리 와이드 슬랙스,차콜 / M,3,2026-04-24,기본템으로는 괜찮아요. 사이즈는 실측 확인 추천합니다. 배송은 빨랐어요.
DEMO-0208,하이웨스트 데님 팬츠,연청 / M,4,2026-04-23,예쁘긴 한데 평소 사이즈보다 작게 나온 것 같아요. 색상은 조명에 따라 조금 달라 보여요.
DEMO-0332,경량 숏패딩,카키 / L,5,2026-04-22,가격은 조금 있지만 가벼움이 마음에 들어요. 배송은 빨랐어요.
DEMO-0189,하이웨스트 데님 팬츠,연청 / M,5,2026-04-20,하이웨스트라 허리 라인이 예쁘게 보여요. 실제로 받아보니 느낌이 더 잘 와요.
DEMO-0299,베이직 롱 원피스,블랙 / M,4,2026-04-20,소재는 좋은데 밑단이 길어서 활동할 때 조심해야 해요. 포장은 깔끔했습니다.
DEMO-0098,크롭 반팔 티셔츠,아이보리 / S,5,2026-04-19,핏이 예뻐서 여름에 자주 입을 것 같아요. 다음에도 살 것 같아요.
DEMO-0101,크롭 반팔 티셔츠,민트 / M,3,2026-04-19,가격 대비 괜찮은 기본 티셔츠예요. 실제로 받아보니 느낌이 더 잘 와요.
DEMO-0075,썸머 린넨 셔츠,화이트 / M,2,2026-04-19,시원한 건 좋은데 앉았다 일어나면 주름이 바로 생겨요.
DEMO-0017,데일리 와이드 슬랙스,차콜 / M,5,2026-04-19,핏이 깔끔하고 출근할 때 입기 좋아요. 원단도 생각보다 탄탄합니다. 색상은 조명에 따라 조금 달라 보여요.
DEMO-0330,경량 숏패딩,그레이 / M,5,2026-04-19,출퇴근용으로 가볍게 입기 좋아요. 데일리로 입기 괜찮습니다.
DEMO-0194,하이웨스트 데님 팬츠,연청 / M,5,2026-04-18,하이웨스트라 허리 라인이 예쁘게 보여요. 포장은 깔끔했습니다.
DEMO-0078,썸머 린넨 셔츠,베이지 / M,3,2026-04-18,여름에 입기 좋은데 세탁 후 구김 관리가 필요해요. 상세페이지를 꼭 보고 사세요.
DEMO-0147,세미오버핏 니트 가디건,블랙 / L,4,2026-04-18,셔츠 위에 걸치기 좋고 핏도 예뻐요.
DEMO-0162,세미오버핏 니트 가디건,오트밀 / M,4,2026-04-18,소재감은 좋은데 소매 부분 보풀이 빨리 올라와요. 데일리로 입기 괜찮습니다.
DEMO-0170,세미오버핏 니트 가디건,그레이 / M,4,2026-04-18,가볍게 걸치기 좋은데 건조기 사용은 피해야 할 듯해요. 배송은 빨랐어요.
DEMO-0027,데일리 와이드 슬랙스,블랙 / S,3,2026-04-18,원단은 좋은데 생각보다 통이 넓어서 호불호 있을 듯해요. 실제로 받아보니 느낌이 더 잘 와요.
DEMO-0184,하이웨스트 데님 팬츠,중청 / M,4,2026-04-17,하이웨스트라 허리 라인이 예쁘게 보여요. 사이즈 고민 많이 했는데 참고하세요.
DEMO-0130,크롭 반팔 티셔츠,핑크 / M,2,2026-04-17,몇 번 빨았더니 목 부분이 살짝 늘어났어요.
DEMO-0065,썸머 린넨 셔츠,화이트 / M,5,2026-04-17,휴가룩으로 입기 좋고 핏도 자연스러워요. 데일리로 입기 괜찮습니다.
DEMO-0036,데일리 와이드 슬랙스,베이지 / M,3,2026-04-17,바지는 예쁜데 허리가 남아서 한 치수 작게 가도 됐을 듯해요.
DEMO-0237,루즈핏 후드 집업,멜란지 / L,4,2026-04-16,품이 넉넉해서 레이어드하기 편해요. 사이즈 고민 많이 했는데 참고하세요.
DEMO-0035,데일리 와이드 슬랙스,베이지 / M,2,2026-04-16,출근룩으로 좋은데 키 작은 분들은 기장 확인 필요할 것 같아요. 포장은 깔끔했습니다.
DEMO-0216,하이웨스트 데님 팬츠,연청 / S,2,2026-04-15,입으면 예쁜데 처음엔 너무 타이트해서 불편했어요. 색상은 조명에 따라 조금 달라 보여요.
DEMO-0165,세미오버핏 니트 가디건,오트밀 / M,3,2026-04-15,처음엔 좋았는데 몇 번 입으니 밑단이 조금 늘어났어요. 배송은 빨랐어요.
DEMO-0161,세미오버핏 니트 가디건,그레이 / M,4,2026-04-15,핏은 마음에 드는데 세탁 후 살짝 늘어난 느낌이 있어요. 포장은 깔끔했습니다.
DEMO-0231,루즈핏 후드 집업,네이비 / L,5,2026-04-15,품이 넉넉해서 레이어드하기 편해요. 다음에도 살 것 같아요.
DEMO-0042,데일리 와이드 슬랙스,블랙 / S,2,2026-04-15,허리가 많이 커서 흘러내려요. 사이즈 선택이 어려웠습니다.
DEMO-0029,데일리 와이드 슬랙스,네이비 / L,3,2026-04-15,출근룩으로 좋은데 키 작은 분들은 기장 확인 필요할 것 같아요. 실제로 받아보니 느낌이 더 잘 와요.
DEMO-0215,하이웨스트 데님 팬츠,진청 / L,4,2026-04-14,예쁘긴 한데 평소 사이즈보다 작게 나온 것 같아요. 포장은 깔끔했습니다.
DEMO-0061,썸머 린넨 셔츠,네이비 / L,4,2026-04-14,통기성이 좋아서 더운 날에도 답답하지 않았어요. 사이즈 고민 많이 했는데 참고하세요.
DEMO-0072,썸머 린넨 셔츠,스카이블루 / M,4,2026-04-14,여름에 입기 좋은데 세탁 후 구김 관리가 필요해요. 상세페이지를 꼭 보고 사세요.
DEMO-0163,세미오버핏 니트 가디건,브라운 / L,4,2026-04-14,색은 예쁜데 관리가 쉬운 옷은 아닌 것 같아요. 데일리로 입기 괜찮습니다.
DEMO-0305,베이직 롱 원피스,카키 / M,4,2026-04-14,소재는 좋은데 밑단이 길어서 활동할 때 조심해야 해요.
DEMO-0327,경량 숏패딩,아이보리 / M,3,2026-04-14,색감이 깔끔하고 여러 바지랑 잘 맞아요.
DEMO-0198,하이웨스트 데님 팬츠,중청 / M,5,2026-04-13,원단이 탄탄해서 핏이 잘 잡혀요.
DEMO-0049,썸머 린넨 셔츠,화이트 / M,4,2026-04-13,린넨 느낌이 자연스러워서 마음에 들어요. 색상은 조명에 따라 조금 달라 보여요.
DEMO-0155,세미오버핏 니트 가디건,블랙 / L,5,2026-04-13,세미오버핏이라 여리여리하게 떨어져요. 실제로 받아보니 느낌이 더 잘 와요.
DEMO-0246,루즈핏 후드 집업,멜란지 / M,5,2026-04-13,루즈핏이라 편하고 캐주얼하게 입기 좋습니다. 실제로 받아보니 느낌이 더 잘 와요.
DEMO-0040,데일리 와이드 슬랙스,차콜 / M,3,2026-04-13,생각보다 통이 너무 넓어서 제 체형에는 안 맞았어요.
DEMO-0024,데일리 와이드 슬랙스,블랙 / M,5,2026-04-13,비싸긴 해도 핏이 좋아서 돈값은 하는 것 같아요. 배송은 빨랐어요.
DEMO-0318,경량 숏패딩,블랙 / L,5,2026-04-13,출퇴근용으로 가볍게 입기 좋아요. 사이즈 고민 많이 했는데 참고하세요.
DEMO-0153,세미오버핏 니트 가디건,브라운 / L,4,2026-04-12,셔츠 위에 걸치기 좋고 핏도 예뻐요.
DEMO-0311,베이직 롱 원피스,카키 / M,2,2026-04-12,밑단 마감이 살짝 울어서 아쉬웠습니다.
DEMO-0081,썸머 린넨 셔츠,스카이블루 / M,5,2026-04-11,시원한 건 좋은데 앉았다 일어나면 주름이 바로 생겨요. 배송은 빨랐어요.
DEMO-0164,세미오버핏 니트 가디건,그레이 / M,2,2026-04-11,가볍게 걸치기 좋은데 건조기 사용은 피해야 할 듯해요. 데일리로 입기 괜찮습니다.
DEMO-0177,세미오버핏 니트 가디건,브라운 / L,2,2026-04-11,하루 입었는데 보풀이 바로 올라왔어요.
DEMO-0274,베이직 롱 원피스,카키 / M,3,2026-04-11,핏이 예쁘고 허리선이 자연스럽게 잡혀요. 다음에도 살 것 같아요.
DEMO-0271,베이직 롱 원피스,블랙 / M,4,2026-04-11,라인이 깔끔하고 하나만 입어도 차려입은 느낌이에요. 사이즈 고민 많이 했는데 참고하세요.
DEMO-0053,썸머 린넨 셔츠,베이지 / M,4,2026-04-10,원단이 얇고 시원해서 여름에 입기 좋아요. 포장은 깔끔했습니다.
DEMO-0296,베이직 롱 원피스,블랙 / S,3,2026-04-10,키 160 기준 발목까지 와서 수선 고민 중이에요. 데일리로 입기 괜찮습니다.
DEMO-0253,루즈핏 후드 집업,멜란지 / M,5,2026-04-10,편하게 입기는 좋은데 사진보다 더 박시한 느낌이에요. 배송은 빨랐어요.
DEMO-0339,경량 숏패딩,블랙 / M,5,2026-04-10,색감이 깔끔하고 여러 바지랑 잘 맞아요. 실제로 받아보니 느낌이 더 잘 와요.
DEMO-0205,하이웨스트 데님 팬츠,블랙 / L,4,2026-04-09,한여름말고는 입기 좋을거같아요 아 근데 제가 바지32정도 입는데 2사이즈는 너무딱맞네요 크게 3사이즈갈걸 그랬나봐요
DEMO-0084,썸머 린넨 셔츠,베이지 / M,2,2026-04-09,구김이 너무 잘 생겨서 관리가 번거롭습니다.
DEMO-0083,썸머 린넨 셔츠,화이트 / L,2,2026-04-09,생각보다 비침이 심해서 단독으로 입기 어려워요.
DEMO-0159,세미오버핏 니트 가디건,오트밀 / M,4,2026-04-09,셔츠 위에 걸치기 좋고 핏도 예뻐요. 포장은 깔끔했습니다.
DEMO-0278,베이직 롱 원피스,블랙 / S,5,2026-04-09,원단이 부드럽고 몸에 붙지 않아서 편해요. 사이즈 고민 많이 했는데 참고하세요.
DEMO-0245,루즈핏 후드 집업,멜란지 / M,5,2026-04-09,두께감이 적당해서 아침저녁에 걸치기 좋아요. 사이즈 고민 많이 했는데 참고하세요.
DEMO-0257,루즈핏 후드 집업,블랙 / M,4,2026-04-09,루즈핏은 예쁜데 소매가 길어서 접어 입고 있어요.
DEMO-0013,데일리 와이드 슬랙스,블랙 / S,4,2026-04-09,색감이 차분해서 여러 상의랑 잘 어울려요. 배송은 빨랐어요.
DEMO-0112,크롭 반팔 티셔츠,아이보리 / S,5,2026-04-08,소재가 부드럽고 피부에 까슬거리지 않아요. 배송은 빨랐어요.
DEMO-0129,크롭 반팔 티셔츠,블랙 / L,1,2026-04-08,아이보리가 생각보다 노란빛이 강해서 아쉬워요.
DEMO-0157,세미오버핏 니트 가디건,크림 / M,4,2026-04-08,색감이 고급스럽고 사진이랑 거의 비슷했어요. 사이즈 고민 많이 했는데 참고하세요.
DEMO-0244,루즈핏 후드 집업,블랙 / M,5,2026-04-08,넉넉하게 입기 좋고 후드 모양도 잘 잡혀요. 데일리로 입기 괜찮습니다.
DEMO-0254,루즈핏 후드 집업,멜란지 / M,3,2026-04-08,"넉넉한 핏 좋아하면 추천, 아니면 작게 가는 게 나을 것 같아요. 포장은 깔끔했습니다."
DEMO-0316,경량 숏패딩,아이보리 / M,5,2026-04-08,가벼운데 생각보다 따뜻해서 만족해요.
DEMO-0199,하이웨스트 데님 팬츠,연청 / S,5,2026-04-07,하이웨스트라 허리 라인이 예쁘게 보여요. 실제로 받아보니 느낌이 더 잘 와요.
DEMO-0290,베이직 롱 원피스,브라운 / M,5,2026-04-06,원단이 부드럽고 몸에 붙지 않아서 편해요. 색상은 조명에 따라 조금 달라 보여요.
DEMO-0262,루즈핏 후드 집업,블랙 / M,3,2026-04-06,편하긴 한데 생각보다 많이 커요. 정핏 원하면 한 치수 작게 가도 될 듯해요.
DEMO-0086,썸머 린넨 셔츠,베이지 / M,2,2026-04-05,배송 중 접힌 자국이 너무 심하게 남아 있었어요.
DEMO-0073,썸머 린넨 셔츠,스카이블루 / M,4,2026-04-04,색은 예쁜데 얇아서 밝은 색은 조심해야 할 것 같아요. 배송은 빨랐어요.
DEMO-0064,썸머 린넨 셔츠,네이비 / L,5,2026-04-04,가격은 조금 있지만 소재가 좋아서 만족합니다. 배송은 빨랐어요.
DEMO-0279,베이직 롱 원피스,네이비 / L,5,2026-04-04,디자인이 심플해서 자주 손이 갈 것 같아요. 다음에도 살 것 같아요.
DEMO-0238,루즈핏 후드 집업,멜란지 / L,5,2026-04-04,넉넉하게 입기 좋고 후드 모양도 잘 잡혀요. 색상은 조명에 따라 조금 달라 보여요.
DEMO-0269,루즈핏 후드 집업,멜란지 / L,3,2026-04-04,이름 그대로 루즈핏입니다. 정핏 원하면 사이즈 잘 보세요. 실제로 받아보니 느낌이 더 잘 와요.
DEMO-0338,경량 숏패딩,블랙 / L,3,2026-04-04,가격은 조금 있지만 가벼움이 마음에 들어요. 다음에도 살 것 같아요.
DEMO-0214,하이웨스트 데님 팬츠,블랙 / L,3,2026-04-03,색은 마음에 드는데 앉을 때 허리가 꽉 껴요. 색상은 조명에 따라 조금 달라 보여요.
DEMO-0210,하이웨스트 데님 팬츠,연청 / S,3,2026-04-03,허리가 딱 맞아서 밥 먹으면 조금 힘들어요. 여유 있게 가는 게 좋을 듯해요. 데일리로 입기 괜찮습니다.
DEMO-0063,썸머 린넨 셔츠,화이트 / L,5,2026-04-03,린넨 느낌이 자연스러워서 마음에 들어요. 포장은 깔끔했습니다.
DEMO-0313,베이직 롱 원피스,브라운 / M,2,2026-04-03,사진보다 길고 무게감도 있어서 여름에는 답답할 수 있어요.
DEMO-0255,루즈핏 후드 집업,블랙 / M,4,2026-04-03,후드는 예쁜데 어깨가 많이 내려와서 호불호 있을 듯합니다. 사이즈 고민 많이 했는데 참고하세요.
DEMO-0241,루즈핏 후드 집업,멜란지 / L,5,2026-04-03,안감이 부드러워서 자주 입게 됩니다. 색상은 조명에 따라 조금 달라 보여요.
DEMO-0331,경량 숏패딩,카키 / L,5,2026-04-03,보온성 괜찮고 무게가 가벼워서 손이 자주 갑니다.
DEMO-0106,크롭 반팔 티셔츠,아이보리 / S,4,2026-04-02,소재가 부드럽고 피부에 까슬거리지 않아요.
DEMO-0060,썸머 린넨 셔츠,스카이블루 / M,5,2026-04-02,원단이 얇고 시원해서 여름에 입기 좋아요. 포장은 깔끔했습니다.
DEMO-0076,썸머 린넨 셔츠,스카이블루 / M,3,2026-04-02,시원하긴 한데 구김이 잘 가는 편이에요. 포장은 깔끔했습니다.
DEMO-0001,데일리 와이드 슬랙스,차콜 / M,2,2026-04-02,이건 완전 멋진 전투용 슬랙스임. 비싸긴 해도 돈값을 함. 핏도 마음에 들어요.
DEMO-0007,데일리 와이드 슬랙스,블랙 / S,4,2026-04-02,허리 밴딩이 편해서 오래 앉아 있어도 괜찮네요. 색상은 조명에 따라 조금 달라 보여요.
DEMO-0092,크롭 반팔 티셔츠,아이보리 / S,5,2026-04-01,핏이 예뻐서 여름에 자주 입을 것 같아요. 포장은 깔끔했습니다.
DEMO-0103,크롭 반팔 티셔츠,아이보리 / M,4,2026-04-01,크롭 기장이 딱 예쁘고 하이웨스트랑 잘 맞아요. 다음에도 살 것 같아요.
DEMO-0057,썸머 린넨 셔츠,베이지 / M,5,2026-04-01,가격은 조금 있지만 소재가 좋아서 만족합니다. 다음에도 살 것 같아요.
DEMO-0074,썸머 린넨 셔츠,화이트 / L,5,2026-04-01,가볍고 좋은데 단추 마감은 조금 아쉬워요. 상세페이지를 꼭 보고 사세요.
DEMO-0139,세미오버핏 니트 가디건,블랙 / L,4,2026-04-01,색감이 고급스럽고 사진이랑 거의 비슷했어요. 사이즈 고민 많이 했는데 참고하세요.
DEMO-0059,썸머 린넨 셔츠,네이비 / L,4,2026-03-31,생각보다 고급스러운 느낌이라 자주 입을 것 같아요. 포장은 깔끔했습니다.
DEMO-0297,베이직 롱 원피스,브라운 / M,3,2026-03-31,핏은 마음에 드는데 계단 오를 때 기장이 조금 신경 쓰여요. 실제로 받아보니 느낌이 더 잘 와요.
DEMO-0251,루즈핏 후드 집업,네이비 / L,3,2026-03-31,루즈핏은 예쁜데 소매가 길어서 접어 입고 있어요. 상세페이지를 꼭 보고 사세요.
DEMO-0204,하이웨스트 데님 팬츠,중청 / M,5,2026-03-30,하이웨스트라 허리 라인이 예쁘게 보여요. 실제로 받아보니 느낌이 더 잘 와요.
DEMO-0192,하이웨스트 데님 팬츠,진청 / L,5,2026-03-30,색감이 예쁘고 데일리로 입기 좋습니다. 사이즈 고민 많이 했는데 참고하세요.
DEMO-0180,세미오버핏 니트 가디건,크림 / M,4,2026-03-30,핏은 넉넉한 편입니다. 관리 방법을 잘 봐야 할 것 같아요. 실제로 받아보니 느낌이 더 잘 와요.
DEMO-0242,루즈핏 후드 집업,멜란지 / L,4,2026-03-30,가격 대비 퀄리티 좋아요. 사이즈 고민 많이 했는데 참고하세요.
DEMO-0211,하이웨스트 데님 팬츠,연청 / M,2,2026-03-29,평소 M 입는데 이건 L도 괜찮았을 것 같아요. 배송은 빨랐어요.
DEMO-0250,루즈핏 후드 집업,크림 / M,3,2026-03-29,허리가 너무 커서 흘러내려요. 한 치수 작게 살 걸 그랬어요.
DEMO-0326,경량 숏패딩,블랙 / L,3,2026-03-29,가격은 조금 있지만 가벼움이 마음에 들어요. 실제로 받아보니 느낌이 더 잘 와요.
DEMO-0054,썸머 린넨 셔츠,화이트 / M,5,2026-03-28,통기성이 좋아서 더운 날에도 답답하지 않았어요. 배송은 빨랐어요.
DEMO-0187,하이웨스트 데님 팬츠,연청 / S,4,2026-03-26,색감이 예쁘고 데일리로 입기 좋습니다. 데일리로 입기 괜찮습니다.
DEMO-0051,썸머 린넨 셔츠,스카이블루 / M,3,2026-03-26,휴가룩으로 입기 좋고 핏도 자연스러워요. 포장은 깔끔했습니다.
DEMO-0016,데일리 와이드 슬랙스,블랙 / M,4,2026-03-26,비싸긴 해도 핏이 좋아서 돈값은 하는 것 같아요. 상세페이지를 꼭 보고 사세요.
DEMO-0319,경량 숏패딩,아이보리 / M,5,2026-03-26,보온성 괜찮고 무게가 가벼워서 손이 자주 갑니다. 상세페이지를 꼭 보고 사세요.
DEMO-0220,하이웨스트 데님 팬츠,진청 / L,2,2026-03-25,허리랑 골반이 너무 꽉 맞아서 반품 고민했어요.
DEMO-0050,썸머 린넨 셔츠,네이비 / L,5,2026-03-25,가격은 조금 있지만 소재가 좋아서 만족합니다. 데일리로 입기 괜찮습니다.
DEMO-0069,썸머 린넨 셔츠,베이지 / M,4,2026-03-25,색감이 은은하고 청바지랑 잘 어울립니다. 사이즈 고민 많이 했는데 참고하세요.
DEMO-0280,베이직 롱 원피스,블랙 / M,5,2026-03-25,핏이 예쁘고 허리선이 자연스럽게 잡혀요. 색상은 조명에 따라 조금 달라 보여요.
DEMO-0308,베이직 롱 원피스,블랙 / M,2,2026-03-25,기장이 너무 길어서 바로 입기 어려웠어요.
DEMO-0012,데일리 와이드 슬랙스,블랙 / M,5,2026-03-25,구김이 생각보다 덜하고 하루 종일 입어도 편했어요. 색상은 조명에 따라 조금 달라 보여요.
DEMO-0328,경량 숏패딩,아이보리 / M,5,2026-03-25,가벼운데 생각보다 따뜻해서 만족해요. 배송은 빨랐어요.
DEMO-0207,하이웨스트 데님 팬츠,중청 / M,3,2026-03-24,색은 마음에 드는데 앉을 때 허리가 꽉 껴요. 상세페이지를 꼭 보고 사세요.
DEMO-0193,하이웨스트 데님 팬츠,진청 / L,5,2026-03-24,원단이 탄탄해서 핏이 잘 잡혀요. 다음에도 살 것 같아요.
DEMO-0070,썸머 린넨 셔츠,화이트 / M,3,2026-03-24,시원하긴 한데 구김이 잘 가는 편이에요. 실제로 받아보니 느낌이 더 잘 와요.
DEMO-0089,썸머 린넨 셔츠,화이트 / L,3,2026-03-24,린넨 셔츠라 구김은 어느 정도 감안해야 할 것 같아요.
DEMO-0268,루즈핏 후드 집업,네이비 / L,2,2026-03-24,소매가 길고 품이 커서 제 체형에는 안 맞았어요.
DEMO-0323,경량 숏패딩,카키 / L,5,2026-03-24,부해 보이지 않고 짧은 기장이 예뻐요. 포장은 깔끔했습니다.
DEMO-0222,하이웨스트 데님 팬츠,연청 / M,2,2026-03-23,너무 작게 나왔어요. 허벅지가 껴서 활동하기 불편합니다.
DEMO-0091,크롭 반팔 티셔츠,민트 / M,5,2026-03-23,크롭 기장이 딱 예쁘고 하이웨스트랑 잘 맞아요. 실제로 받아보니 느낌이 더 잘 와요.
DEMO-0056,썸머 린넨 셔츠,스카이블루 / M,4,2026-03-23,린넨 느낌이 자연스러워서 마음에 들어요. 배송은 빨랐어요.
DEMO-0310,베이직 롱 원피스,브라운 / M,2,2026-03-23,허리선이 애매해서 제 체형에는 부해 보였어요.
DEMO-0321,경량 숏패딩,카키 / L,5,2026-03-23,색감이 깔끔하고 여러 바지랑 잘 맞아요. 상세페이지를 꼭 보고 사세요.
DEMO-0046,썸머 린넨 셔츠,베이지 / M,3,2026-03-22,원단이 얇고 시원해서 여름에 입기 좋아요. 다음에도 살 것 같아요.
DEMO-0292,베이직 롱 원피스,네이비 / L,4,2026-03-22,핏이 예쁘고 허리선이 자연스럽게 잡혀요. 데일리로 입기 괜찮습니다.
DEMO-0037,데일리 와이드 슬랙스,블랙 / S,4,2026-03-22,핏은 예쁜데 허리가 살짝 커요. 벨트하면 괜찮습니다. 다음에도 살 것 같아요.
DEMO-0301,베이직 롱 원피스,블랙 / S,3,2026-03-21,디자인은 예쁜데 기장이 생각보다 길어요. 상세페이지를 꼭 보고 사세요.
DEMO-0020,데일리 와이드 슬랙스,베이지 / M,4,2026-03-21,구김이 생각보다 덜하고 하루 종일 입어도 편했어요. 다음에도 살 것 같아요.
DEMO-0009,데일리 와이드 슬랙스,차콜 / M,5,2026-03-21,핏이 깔끔하고 출근할 때 입기 좋아요. 원단도 생각보다 탄탄합니다. 다음에도 살 것 같아요.
DEMO-0111,크롭 반팔 티셔츠,핑크 / M,5,2026-03-19,목 늘어짐이 적어 보여서 좋습니다.
DEMO-0058,썸머 린넨 셔츠,스카이블루 / M,5,2026-03-19,휴가룩으로 입기 좋고 핏도 자연스러워요.
DEMO-0062,썸머 린넨 셔츠,네이비 / L,5,2026-03-19,색감이 은은하고 청바지랑 잘 어울립니다. 배송은 빨랐어요.
DEMO-0149,세미오버핏 니트 가디건,크림 / M,5,2026-03-19,세미오버핏이라 여리여리하게 떨어져요. 데일리로 입기 괜찮습니다.
DEMO-0015,데일리 와이드 슬랙스,베이지 / M,5,2026-03-19,허리 밴딩이 편해서 오래 앉아 있어도 괜찮네요. 포장은 깔끔했습니다.
DEMO-0325,경량 숏패딩,블랙 / L,4,2026-03-19,보온성 괜찮고 무게가 가벼워서 손이 자주 갑니다. 포장은 깔끔했습니다.
DEMO-0185,하이웨스트 데님 팬츠,진청 / L,4,2026-03-18,가격대비 데님 퀄리티가 괜찮아요. 상세페이지를 꼭 보고 사세요.
DEMO-0102,크롭 반팔 티셔츠,민트 / M,4,2026-03-18,팔 기장이 너무 짧지 않아서 부담 없이 입기 좋아요. 사이즈 고민 많이 했는데 참고하세요.
DEMO-0079,썸머 린넨 셔츠,화이트 / L,5,2026-03-18,색은 예쁜데 얇아서 밝은 색은 조심해야 할 것 같아요. 상세페이지를 꼭 보고 사세요.
DEMO-0143,세미오버핏 니트 가디건,오트밀 / M,5,2026-03-18,세미오버핏이라 여리여리하게 떨어져요. 색상은 조명에 따라 조금 달라 보여요.
DEMO-0141,세미오버핏 니트 가디건,그레이 / M,4,2026-03-18,셔츠 위에 걸치기 좋고 핏도 예뻐요. 다음에도 살 것 같아요.
DEMO-0243,루즈핏 후드 집업,크림 / M,5,2026-03-18,품이 넉넉해서 레이어드하기 편해요. 데일리로 입기 괜찮습니다.
DEMO-0317,경량 숏패딩,블랙 / M,4,2026-03-18,부해 보이지 않고 짧은 기장이 예뻐요. 배송은 빨랐어요.
DEMO-0219,하이웨스트 데님 팬츠,연청 / M,3,2026-03-17,사이즈표 보고 샀는데 생각보다 훨씬 타이트해요.
DEMO-0224,하이웨스트 데님 팬츠,연청 / M,4,2026-03-17,탄탄한 데님이라 신축성은 적은 편이에요. 다음에도 살 것 같아요.
DEMO-0221,하이웨스트 데님 팬츠,연청 / S,3,2026-03-17,신축성이 거의 없어서 사이즈 선택이 어렵습니다.
DEMO-0283,베이직 롱 원피스,블랙 / S,5,2026-03-17,라인이 깔끔하고 하나만 입어도 차려입은 느낌이에요. 색상은 조명에 따라 조금 달라 보여요.
DEMO-0272,베이직 롱 원피스,블랙 / M,5,2026-03-17,원단이 부드럽고 몸에 붙지 않아서 편해요. 데일리로 입기 괜찮습니다.
